customer_id,name,email,city
CG-12520,Claire Gute,Consumer,Henderson
DV-13045,Darrin Van Huff,Corporate,Los Angeles
SO-20335,Sean O'Donnell,Consumer,Fort Lauderdale
BH-11710,Brosina Hoffman,Consumer,Los Angeles
AA-10480,Andrew Allen,Consumer,Concord
IM-15070,Irene Maddox,Consumer,Seattle
HP-14815,Harold Pawlan,Home Office,Fort Worth
PK-19075,Pete Kriz,Consumer,Madison
AG-10270,Alejandro Grove,Consumer,West Jordan
ZD-21925,Zuschuss Donatelli,Consumer,San Francisco
KB-16585,Ken Black,Corporate,Fremont
SF-20065,Sandra Flanagan,Consumer,Philadelphia
EB-13870,Emily Burns,Consumer,Orem
EH-13945,Eric Hoffmann,Consumer,Los Angeles
TB-21520,Tracy Blumstein,Consumer,Philadelphia
MA-17560,Matt Abelman,Home Office,Houston
GH-14485,Gene Hale,Corporate,Richardson
SN-20710,Steve Nguyen,Home Office,Houston
LC-16930,Linda Cazamias,Corporate,Naperville
RA-19885,Ruben Ausman,Corporate,Los Angeles
ES-14080,Erin Smith,Corporate,Melbourne
ON-18715,Odella Nelson,Corporate,Eagan
PO-18865,Patrick O'Donnell,Consumer,Westland
LH-16900,Lena Hernandez,Consumer,Dover
DP-13000,Darren Powers,Consumer,New Albany
JM-15265,Janet Molinari,Corporate,New York City
TB-21055,Ted Butterfield,Consumer,Troy
KM-16720,Kunst Miller,Consumer,Los Angeles
PS-18970,Paul Stevenson,Home Office,Chicago
BS-11590,Brendan Sweed,Corporate,Gilbert
KD-16270,Karen Daniels,Consumer,Springfield
HM-14980,Henry MacAllister,Consumer,New York City
JE-15745,Joel Eaton,Consumer,Memphis
KB-16600,Ken Brennan,Corporate,Houston
SC-20770,Stewart Carmichael,Corporate,Decatur
DN-13690,Duane Noonan,Consumer,San Francisco
JC-16105,Julie Creighton,Corporate,Durham
CS-12400,Christopher Schild,Home Office,Chicago
PG-18895,Paul Gonzalez,Consumer,Rochester
GM-14455,Gary Mitchum,Home Office,Houston
JS-15685,Jim Sink,Corporate,Los Angeles
KB-16315,Karl Braun,Consumer,Minneapolis
RB-19705,Roger Barcio,Home Office,Portland
PN-18775,Parhena Norris,Home Office,New York City
KD-16345,Katherine Ducich,Consumer,San Francisco
ER-13855,Elpida Rittenbach,Corporate,Saint Paul
RB-19465,Rick Bensley,Home Office,Chicago
GZ-14470,Gary Zandusky,Consumer,Rochester
LC-16870,Lena Cacioppo,Consumer,Aurora
JM-15250,Janet Martin,Consumer,Charlotte
PA-19060,Pete Armstrong,Home Office,Orland Park
CV-12805,Cynthia Voltz,Corporate,New York City
CL-12565,Clay Ludtke,Consumer,Urbandale
RC-19960,Ryan Crowe,Consumer,Columbus
DK-13090,Dave Kipp,Consumer,Seattle
GG-14650,Greg Guthrie,Corporate,Bristol
SC-20725,Steven Cartwright,Consumer,Wilmington
AD-10180,Alan Dominguez,Home Office,Houston
PF-19165,Philip Fox,Consumer,Bloomington
TS-21610,Troy Staebel,Consumer,Phoenix
LS-16975,Lindsay Shagiari,Home Office,Los Angeles
DW-13585,Dorothy Wardle,Corporate,Columbus
LC-16885,Lena Creighton,Consumer,Roseville
JD-15895,Jonathan Doherty,Corporate,Philadelphia
SH-19975,Sally Hughsby,Corporate,San Francisco
SG-20080,Sandra Glassco,Consumer,Independence
HA-14920,Helen Andreada,Consumer,Pasadena
MG-17680,Maureen Gastineau,Home Office,Newark
JE-16165,Justin Ellison,Corporate,Franklin
TW-21025,Tamara Willingham,Home Office,Scottsdale
SP-20650,Stephanie Phelps,Corporate,San Jose
NK-18490,Neil Knudson,Home Office,Seattle
DB-13060,Dave Brooks,Consumer,Seattle
NP-18670,Nora Paige,Consumer,Edmond
TT-21070,Ted Trevino,Consumer,Los Angeles
EM-13960,Eric Murdock,Consumer,Philadelphia
RD-19900,Ruben Dartt,Consumer,Carlsbad
MJ-17740,Max Jones,Consumer,Seattle
BM-11140,Becky Martin,Consumer,San Antonio
CS-12130,Chad Sievert,Consumer,Los Angeles
JB-15400,Jennifer Braxton,Corporate,Chicago
SJ-20500,Shirley Jackson,Consumer,Houston
JK-15640,Jim Kriz,Home Office,New York City
DK-13150,David Kendrick,Corporate,Decatur
RM-19675,Robert Marley,Home Office,Monroe
SK-19990,Sally Knutson,Consumer,Fairfield
FM-14290,Frank Merwin,Home Office,Los Angeles
AM-10360,Alice McCarthy,Corporate,Grand Prairie
MP-17470,Mark Packer,Home Office,New York City
MZ-17515,Mary Zewe,Corporate,Redlands
CB-12025,Cassandra Brandow,Consumer,Hamilton
VM-21685,Valerie Mitchum,Home Office,Westfield
FH-14365,Fred Hopkins,Corporate,Philadelphia
MB-17305,Maria Bertelson,Consumer,Akron
BS-11755,Bruce Stewart,Consumer,Denver
LC-17140,Logan Currie,Consumer,Dallas
HK-14890,Heather Kirkland,Corporate,Franklin
LE-16810,Laurel Elliston,Consumer,Whittier
JH-15985,Joseph Holt,Consumer,Saginaw
MS-17980,Michael Stewart,Corporate,Dallas
VW-21775,Victoria Wilson,Corporate,Medina
JH-15910,Jonathan Howell,Consumer,Los Angeles
JB-15925,Joni Blumstein,Consumer,Dublin
DS-13180,David Smith,Corporate,Detroit
VD-21670,Valerie Dominguez,Consumer,Columbia
EA-14035,Erin Ashbrook,Corporate,Charlotte
DB-13120,David Bremer,Corporate,Santa Clara
KL-16645,Ken Lonsdale,Consumer,Chicago
DW-13480,Dianna Wilson,Home Office,Lakeville
LH-17155,Logan Haushalter,Consumer,San Francisco
KC-16540,Kelly Collister,Consumer,San Diego
DL-13315,Delfina Latchford,Consumer,New York City
DR-12880,Dan Reichenbach,Corporate,Chicago
CC-12670,Craig Carreira,Consumer,New York City
Dl-13600,Dorris liebe,Corporate,Pasadena
SB-20290,Sean Braxton,Corporate,Houston
RC-19825,Roy Collins,Consumer,Chicago
AH-10210,Alan Hwang,Consumer,Brentwood
CB-12535,Claudia Bergmann,Corporate,Chapel Hill
CA-12310,Christine Abelman,Corporate,Cincinnati
KH-16690,Kristen Hastings,Corporate,San Francisco
BB-10990,Barry Blumstein,Corporate,Inglewood
AG-10495,Andrew Gjertsen,Corporate,Philadelphia
JO-15280,Jas O'Carroll,Consumer,Los Angeles
AH-10195,Alan Haines,Corporate,Tamarac
NZ-18565,Nick Zandusky,Home Office,Columbus
KL-16555,Kelly Lampkin,Corporate,Colorado Springs
AS-10225,Alan Schoenberger,Corporate,New York City
CR-12625,Corey Roper,Home Office,Lakewood
SH-20395,Shahid Hopkins,Consumer,Arlington
BP-11185,Ben Peterman,Corporate,Arvada
TS-21205,Thomas Seio,Corporate,Hackensack
AG-10525,Andy Gerbode,Corporate,Saint Petersburg
SP-20860,Sung Pak,Corporate,Philadelphia
NM-18445,Nathan Mautz,Home Office,New York City
FA-14230,Frank Atkinson,Corporate,Long Beach
GK-14620,Grace Kelly,Corporate,Hesperia
DJ-13510,Don Jones,Corporate,Murfreesboro
PO-18850,Patrick O'Brill,Consumer,Philadelphia
JL-15850,John Lucas,Consumer,Philadelphia
DB-13615,Doug Bickford,Consumer,Los Angeles
AC-10420,Alyssa Crouse,Corporate,San Francisco
CC-12550,Clay Cheatham,Consumer,San Francisco
TD-20995,Tamara Dahlen,Consumer,Lowell
AB-10060,Adam Bellavance,Home Office,New York City
JL-15505,Jeremy Lonsdale,Consumer,New York City
VB-21745,Victoria Brennan,Corporate,Columbus
KW-16435,Katrina Willman,Consumer,New York City
JD-16060,Julia Dunbar,Consumer,San Francisco
MK-17905,Michael Kennedy,Corporate,Manchester
GT-14755,Guy Thornton,Consumer,Harlingen
AG-10900,Arthur Gainer,Consumer,Tucson
MM-18280,Muhammed MacIntyre,Corporate,Quincy
AR-10405,Allen Rosenblatt,Corporate,Franklin
RA-19915,Russell Applegate,Consumer,Houston
AS-10285,Alejandro Savely,Corporate,San Francisco
LA-16780,Laura Armstrong,Corporate,Taylor
DO-13435,Denny Ordway,Consumer,Pembroke Pines
DK-13225,Dean Katz,Corporate,Philadelphia
NG-18430,Nathan Gelder,Consumer,Cincinnati
MV-18190,Mike Vittorini,Consumer,New York City
JG-15115,Jack Garza,Consumer,Des Moines
BP-11095,Bart Pistole,Corporate,Peoria
VP-21730,Victor Preis,Home Office,Las Vegas
SS-20140,Saphhira Shifley,Corporate,Warwick
AG-10675,Anna Gayman,Consumer,Houston
LF-17185,Luke Foster,Consumer,Miami
RF-19840,Roy Franzosisch,Consumer,New York City
KH-16510,Keith Herrera,Consumer,San Francisco
KC-16675,Kimberly Carter,Corporate,Seattle
CJ-12010,Caroline Jumper,Consumer,Huntington Beach
PB-19150,Philip Brown,Consumer,Los Angeles
MP-17965,Michael Paige,Corporate,Lawrence
NF-18385,Natalie Fritzler,Consumer,Jackson
SD-20485,Shirley Daniels,Home Office,New Rochelle
KH-16630,Ken Heidel,Corporate,San Antonio
RB-19795,Ross Baird,Home Office,Gastonia
MK-18160,Mike Kennedy,Consumer,Jacksonville
PO-19180,Philisse Overcash,Home Office,Chicago
BB-11545,Brenda Bowman,Corporate,Houston
TB-21595,Troy Blackwell,Consumer,Columbus
RB-19360,Raymond Buch,Consumer,Auburn
EB-13705,Ed Braxton,Corporate,Akron
SC-20095,Sanjit Chand,Consumer,Concord
TN-21040,Tanja Norvell,Home Office,Phoenix
JS-15940,Joni Sundaresam,Home Office,Park Ridge
MH-17785,Maya Herman,Corporate,Lindenhurst
JP-15520,Jeremy Pistek,Consumer,San Francisco
JE-15475,Jeremy Ellison,Consumer,Troy
JG-15805,John Grady,Corporate,New York City
XP-21865,Xylona Preis,Consumer,San Diego
EM-14065,Erin Mull,Consumer,New York City
MT-18070,Michelle Tran,Home Office,Los Angeles
SA-20830,Sue Ann Reed,Consumer,Chicago
CW-11905,Carl Weiss,Home Office,Huntsville
AJ-10960,Astrea Jones,Consumer,Rochester
SS-20590,Sonia Sunley,Consumer,Seattle
RO-19780,Rose O'Brian,Consumer,Memphis
MD-17350,Maribeth Dona,Consumer,Fayetteville
MY-17380,Maribeth Yedwab,Corporate,Parker
CM-12385,Christopher Martinez,Consumer,Atlanta
LS-17245,Lynn Smith,Consumer,Gladstone
BN-11515,Bradley Nguyen,Consumer,Los Angeles
DB-13210,Dean Braden,Consumer,Houston
MC-17605,Matt Connell,Corporate,Detroit
BD-11605,Brian Dahlen,Consumer,Lawrence
PH-18790,Patricia Hirasaki,Home Office,Lakeland
MG-18145,Mike Gockenbach,Consumer,Philadelphia
KB-16240,Karen Bern,Corporate,Los Angeles
JC-15340,Jasper Cacioppo,Consumer,Los Angeles
RL-19615,Rob Lucas,Consumer,Montgomery
AA-10375,Allen Armold,Consumer,Mesa
EP-13915,Emily Phan,Consumer,Chicago
DK-12985,Darren Koutras,Consumer,Henderson
BD-11500,Bradley Drucker,Consumer,Green Bay
LM-17065,Liz MacKendrick,Consumer,Springfield
AS-10135,Adrian Shami,Home Office,New York City
BD-11320,Bill Donatelli,Consumer,San Francisco
GT-14710,Greg Tran,Consumer,Houston
AJ-10945,Ashley Jarboe,Consumer,Wilmington
OT-18730,Olvera Toch,Consumer,Los Angeles
LP-17080,Liz Pelletier,Consumer,San Francisco
CA-12775,Cynthia Arntzen,Consumer,Tampa
JF-15490,Jeremy Farry,Consumer,Seattle
FP-14320,Frank Preis,Consumer,Los Angeles
EB-13840,Ellis Ballard,Corporate,Seattle
JF-15415,Jennifer Ferguson,Consumer,New York City
SF-20200,Sarah Foster,Consumer,Marysville
TG-21640,Trudy Glocke,Consumer,Long Beach
CS-11950,Carlos Soltero,Consumer,Chicago
CC-12145,Charles Crestani,Consumer,Los Angeles
DV-13465,Dianna Vittorini,Consumer,Denver
BD-11725,Bruce Degenhardt,Consumer,Richmond
ZC-21910,Zuschuss Carroll,Consumer,Salem
MS-17830,Melanie Seite,Consumer,Laredo
LR-16915,Lena Radford,Consumer,San Diego
TP-21130,Theone Pippenger,Consumer,Philadelphia
CK-12205,Chloris Kastensmidt,Consumer,Philadelphia
AS-10240,Alan Shonely,Consumer,Tampa
AR-10510,Andrew Roberts,Consumer,Philadelphia
NB-18655,Nona Balk,Corporate,Dallas
GD-14590,Giulietta Dortch,Corporate,Philadelphia
CK-12595,Clytie Kelty,Consumer,Grove City
NG-18355,Nat Gilpin,Corporate,New York City
CA-12265,Christina Anderson,Consumer,Chicago
SF-20965,Sylvia Foulston,Corporate,Dearborn
MO-17800,Meg O'Connel,Home Office,New York City
AT-10735,Annie Thurman,Consumer,Seattle
FM-14380,Fred McMath,Consumer,Aurora
DJ-13420,Denny Joy,Corporate,Warner Robins
ME-17725,Max Engle,Consumer,Aurora
JD-16150,Justin Deggeller,Corporate,Minneapolis
JL-15835,John Lee,Consumer,Mission Viejo
SC-20305,Sean Christensen,Consumer,Rochester Hills
CC-12430,Chuck Clark,Home Office,Columbus
AR-10825,Anthony Rawles,Corporate,Vancouver
SR-20740,Steven Roelle,Home Office,New York City
CR-12730,Craig Reiter,Consumer,Columbus
EH-14125,Eugene Hildebrand,Home Office,Aurora
SP-20545,Sibella Parks,Corporate,New York City
TH-21235,Tiffany House,Corporate,Dallas
RP-19390,Resi Polking,Consumer,Cleveland
RB-19570,Rob Beeghly,Consumer,Columbus
CD-11980,Carol Darley,Consumer,Tyler
DJ-13630,Doug Jacobs,Consumer,New York City
GT-14635,Grant Thornton,Corporate,Burlington
MC-17845,Michael Chen,Consumer,Jackson
RA-19285,Ralph Arnett,Consumer,New York City
NP-18325,Naresj Patel,Consumer,Waynesboro
AB-10165,Alan Barnes,Consumer,Los Angeles
JO-15550,Jesus Ocampo,Home Office,Chester
JK-15370,Jay Kimmel,Consumer,Long Beach
BN-11470,Brad Norvell,Corporate,Cary
DP-13165,David Philippe,Consumer,New York City
TH-21550,Tracy Hopkins,Home Office,New York City
AP-10915,Arthur Prichep,Consumer,Palm Coast
RS-19765,Roland Schwarz,Corporate,Mount Vernon
SV-20365,Seth Vernon,Consumer,Dover
CK-12325,Christine Kargatis,Home Office,Orem
RD-19810,Ross DeVincentis,Home Office,Los Angeles
MR-17545,Mathew Reese,Home Office,Philadelphia
SC-20695,Steve Chapman,Corporate,Hialeah
JF-15355,Jay Fein,Consumer,Austin
EG-13900,Emily Grady,Consumer,Oceanside
DS-13030,Darrin Sayre,Home Office,Seattle
PO-19195,Phillina Ober,Home Office,Naperville
SS-20875,Sung Shariari,Consumer,Dallas
PB-19105,Peter Buhler,Consumer,Evanston
RF-19735,Roland Fjeld,Consumer,Trenton
YC-21895,Yoseph Carroll,Corporate,San Francisco
DC-13285,Debra Catini,Consumer,Cottage Grove
CP-12340,Christine Phan,Corporate,New York City
BF-11020,Barry Franzosisch,Corporate,Green Bay
LH-17020,Lisa Hazard,Consumer,Columbus
CS-12250,Chris Selesnick,Corporate,Bossier City
AJ-10795,Anthony Johnson,Corporate,Saint Petersburg
BV-11245,Benjamin Venier,Corporate,Des Moines
DL-12865,Dan Lawera,Consumer,Cincinnati
BM-11785,Bryan Mills,Consumer,Columbus
LT-17110,Liz Thompson,Consumer,Lancaster
JK-15730,Joe Kamberova,Consumer,Asheville
ES-14020,Erica Smith,Consumer,San Francisco
RH-19495,Rick Hansen,Consumer,Rochester
CD-11920,Carlos Daly,Consumer,Lake Elsinore
HW-14935,Helen Wasserman,Corporate,San Diego
MC-18130,Mike Caudle,Corporate,Monroe
GM-14440,Gary McGarr,Consumer,San Francisco
PJ-19015,Pauline Johnson,Consumer,Santa Ana
BW-11110,Bart Watters,Corporate,Milwaukee
TR-21325,Toby Ritter,Consumer,Belleville
PG-18820,Patrick Gardner,Consumer,San Francisco
JL-15175,James Lanier,Home Office,Columbia
BM-11650,Brian Moss,Corporate,New York City
EM-14095,Eudokia Martin,Corporate,Los Angeles
AF-10885,Art Foster,Consumer,Louisville
GA-14725,Guy Armstrong,Consumer,Lorain
CK-12760,Cyma Kinney,Corporate,Linden
DP-13105,Dave Poirier,Corporate,Salinas
BK-11260,Berenike Kampe,Consumer,New York City
SJ-20125,Sanjit Jacobs,Home Office,New Brunswick
CM-12445,Chuck Magee,Consumer,San Francisco
AJ-10780,Anthony Jacobs,Corporate,Springfield
LS-16945,Linda Southworth,Corporate,Philadelphia
GP-14740,Guy Phonely,Corporate,Lancaster
PK-18910,Paul Knutson,Home Office,Philadelphia
SM-20005,Sally Matthias,Consumer,New York City
AG-10765,Anthony Garverick,Home Office,Philadelphia
PM-19135,Peter McVee,Home Office,Detroit
LL-16840,Lauren Leatherbury,Consumer,Rochester
JS-15595,Jill Stevenson,Corporate,Los Angeles
EL-13735,Ed Ludwig,Home Office,Columbia
PC-18745,Pamela Coakley,Corporate,San Francisco
HL-15040,Hunter Lopez,Consumer,Houston
MS-17365,Maribeth Schnelling,Consumer,Detroit
GB-14530,George Bell,Corporate,Auburn
JR-16210,Justin Ritter,Corporate,Springfield
BE-11335,Bill Eplett,Home Office,Jackson
SC-20050,Sample Company A,Home Office,Norwich
RW-19630,Rob Williams,Corporate,Dallas
SE-20110,Sanjit Engle,Consumer,New York City
AH-10075,Adam Hart,Corporate,New York City
JM-15535,Jessica Myrick,Consumer,Philadelphia
JJ-15760,Joel Jenkins,Home Office,Springfield
RK-19300,Ralph Kennedy,Consumer,Philadelphia
CG-12040,Catherine Glotzbach,Home Office,Philadelphia
RP-19270,Rachel Payne,Corporate,Riverside
KC-16255,Karen Carlisle,Corporate,San Francisco
KH-16360,Katherine Hughes,Consumer,Philadelphia
GH-14665,Greg Hansen,Consumer,Round Rock
SW-20275,Scott Williamson,Consumer,Jackson
JA-15970,Joseph Airdo,Consumer,Phoenix
DL-12925,Daniel Lacy,Consumer,Oceanside
LW-16990,Lindsay Williams,Corporate,San Francisco
TB-21190,Thomas Brumley,Home Office,Fayetteville
BS-11800,Bryan Spruell,Home Office,New York City
RW-19690,Robert Waldorf,Consumer,Wilmington
TZ-21580,Tracy Zic,Consumer,Louisville
AS-10630,Ann Steele,Home Office,Pasadena
TS-21340,Toby Swindell,Consumer,Houston
SL-20155,Sara Luxemburg,Home Office,Jacksonville
MW-18235,Mitch Willingham,Corporate,Virginia Beach
RD-19585,Rob Dowd,Consumer,Henderson
RA-19945,Ryan Akin,Consumer,Murrieta
MT-17815,Meg Tillman,Consumer,Scottsdale
VG-21790,Vivek Gonzalez,Consumer,San Diego
JS-15880,John Stevenson,Consumer,Seattle
KM-16225,Kalyca Meade,Corporate,New York City
HR-14770,Hallie Redmond,Home Office,Los Angeles
DE-13255,Deanra Eno,Home Office,Springfield
AG-10390,Allen Goldenen,Consumer,Cincinnati
JJ-15445,Jennifer Jackson,Consumer,Los Angeles
JH-15430,Jennifer Halladay,Consumer,Burlington
RD-19660,Robert Dilbeck,Home Office,Saint Peters
MO-17500,Mary O'Rourke,Consumer,New York City
NS-18640,Noel Staavos,Corporate,Chicago
DG-13300,Deirdre Greer,Corporate,Philadelphia
NF-18595,Nicole Fjeld,Home Office,New York City
MG-17650,Matthew Grinstein,Home Office,Philadelphia
TS-21160,Theresa Swint,Corporate,Toledo
BD-11620,Brian DeCherney,Consumer,San Francisco
CM-12160,Charles McCrossin,Consumer,Brownsville
SN-20560,Skye Norling,Home Office,Los Angeles
EH-14005,Erica Hernandez,Home Office,Denver
FO-14305,Frank Olsen,Consumer,New York City
MS-17710,Maurice Satty,Consumer,Mesa
CC-12100,Chad Cunningham,Home Office,Columbus
DW-13540,Don Weiss,Consumer,Seattle
BT-11395,Bill Tyler,Corporate,Detroit
CY-12745,Craig Yedwab,Corporate,Oakland
BT-11485,Brad Thomas,Home Office,Clinton
PS-19045,Penelope Sewall,Home Office,Charlotte
PV-18985,Paul Van Hugh,Home Office,San Francisco
NM-18520,Neoma Murray,Consumer,Riverside
DL-13495,Dionis Lloyd,Corporate,San Francisco
CS-12355,Christine Sundaresam,Consumer,Roswell
FH-14275,Frank Hawley,Corporate,La Porte
NC-18340,Nat Carroll,Consumer,Lansing
AA-10315,Alex Avila,Consumer,Minneapolis
LT-16765,Larry Tron,Consumer,Escondido
AP-10720,Anne Pryor,Home Office,New York City
PM-18940,Paul MacIntyre,Consumer,Jackson
AT-10435,Alyssa Tate,Home Office,Los Angeles
CA-12055,Cathy Armstrong,Home Office,Houston
HR-14830,Harold Ryan,Corporate,Seattle
BT-11530,Bradley Talbott,Home Office,Los Angeles
LH-16750,Larry Hughes,Consumer,Charlotte
SW-20755,Steven Ward,Corporate,New York City
SP-20620,Stefania Perrino,Corporate,Philadelphia
BF-11170,Ben Ferrer,Home Office,Los Angeles
KT-16480,Kean Thornton,Consumer,Buffalo
BG-11695,Brooke Gillingham,Corporate,Cincinnati
GM-14680,Greg Matthias,Consumer,Seattle
EJ-14155,Eva Jacobs,Consumer,Gulfport
NP-18700,Nora Preis,Consumer,Fresno
MH-18115,Mick Hernandez,Home Office,Chester
JR-15700,Jocasta Rupert,Consumer,Jacksonville
SM-20950,Suzanne McNair,Corporate,Greenville
CC-12220,Chris Cortes,Consumer,La Porte
PF-19225,Phillip Flathmann,Consumer,San Francisco
DC-12850,Dan Campbell,Consumer,Florence
BD-11770,Bryan Davis,Consumer,Houston
GM-14500,Gene McClure,Consumer,Providence
TB-21355,Todd Boyes,Corporate,New York City
JH-16180,Justin Hirsh,Consumer,Pueblo
EB-13975,Erica Bern,Corporate,Fairfield
QJ-19255,Quincy Jones,Corporate,Saint Paul
TC-21535,Tracy Collins,Home Office,Arlington
CS-12460,Chuck Sachs,Consumer,Columbus
HG-14965,Henry Goldwyn,Corporate,Los Angeles
LW-16825,Laurel Workman,Corporate,Deltona
MC-17575,Matt Collins,Consumer,Cincinnati
LP-17095,Liz Preis,Consumer,Murray
EB-14170,Evan Bailliet,Consumer,Wilmington
GZ-14545,George Zrebassa,Corporate,Lawrence
CP-12085,Cathy Prescott,Corporate,Norwich
FG-14260,Frank Gastineau,Home Office,San Francisco
LD-17005,Lisa DeCherney,Consumer,San Francisco
AB-10255,Alejandro Ballentine,Home Office,Lorain
MN-17935,Michael Nguyen,Consumer,Dallas
JR-15670,Jim Radford,Consumer,Middletown
JF-15190,Jamie Frazer,Consumer,Los Angeles
CM-12115,Chad McGuire,Consumer,New York City
AS-10045,Aaron Smayling,Corporate,Jacksonville
BP-11290,Beth Paige,Consumer,Evanston
ND-18370,Natalie DeCherney,Consumer,Louisville
LB-16735,Larry Blacks,Consumer,Fort Worth
KT-16465,Kean Takahito,Consumer,Los Angeles
HM-14860,Harry Marie,Corporate,Philadelphia
AB-10600,Ann Blume,Corporate,Tucson
SZ-20035,Sam Zeldin,Home Office,Pico Rivera
MG-17890,Michael Granlund,Home Office,Clinton
JK-16120,Julie Kriz,Home Office,Aurora
PP-18955,Paul Prost,Home Office,Smyrna
YS-21880,Yana Sorensen,Corporate,Burlington
KM-16375,Katherine Murray,Home Office,Salem
AB-10105,Adrian Barton,Consumer,Phoenix
HA-14905,Helen Abelman,Consumer,New York City
BT-11305,Beth Thompson,Home Office,Costa Mesa
SV-20815,Stuart Van,Corporate,Houston
RW-19540,Rick Wilson,Corporate,Mesa
DK-12835,Damala Kotsonis,Corporate,Salinas
ST-20530,Shui Tom,Consumer,Parma
MM-17920,Michael Moore,Consumer,San Francisco
PW-19030,Pauline Webber,Corporate,Richmond
SC-20440,Shaun Chance,Corporate,Aurora
TS-21085,Thais Sissman,Consumer,Phoenix
MC-17425,Mark Cousins,Corporate,Mobile
ME-17320,Maria Etezadi,Home Office,Columbus
NH-18610,Nicole Hansen,Corporate,Irving
MB-18085,Mick Brown,Consumer,Vineland
KD-16495,Keith Dawkins,Corporate,New York City
KN-16390,Katherine Nockton,Corporate,Los Angeles
NP-18685,Nora Pelletier,Home Office,Niagara Falls
CS-12505,Cindy Stewart,Consumer,Thomasville
MS-17770,Maxwell Schwartz,Consumer,New York City
CM-12655,Corinna Mitchell,Home Office,Los Angeles
Co-12640,Corey-Lock,Consumer,Philadelphia
TS-21370,Todd Sumrall,Corporate,New York City
JW-15220,Jane Waco,Corporate,Vancouver
JD-15790,John Dryer,Consumer,Coppell
PC-19000,Pauline Chand,Home Office,Los Angeles
AR-10540,Andy Reiter,Consumer,New York City
AI-10855,Arianne Irving,Consumer,Philadelphia
TB-21400,Tom Boeckenhauer,Consumer,Seattle
PL-18925,Paul Lucas,Home Office,Chicago
GH-14425,Gary Hwang,Consumer,Tucson
MP-18175,Mike Pelletier,Home Office,Laguna Niguel
JM-15655,Jim Mitchum,Corporate,Bridgeton
CL-11890,Carl Ludwig,Consumer,Everett
DB-13270,Deborah Brumfield,Home Office,San Diego
IG-15085,Ivan Gibson,Consumer,San Diego
BO-11425,Bobby Odegard,Consumer,Richmond
AB-10150,Aimee Bixby,Consumer,Long Beach
JW-16075,Julia West,Consumer,Philadelphia
EB-13750,Edward Becker,Corporate,Seattle
SG-20470,Sheri Gordon,Consumer,New York City
CM-12190,Charlotte Melton,Consumer,Philadelphia
AW-10840,Anthony Witt,Consumer,Allen
MC-18100,Mick Crebagga,Consumer,El Paso
TT-21460,Tonja Turnell,Home Office,Aurora
VG-21805,Vivek Grady,Corporate,Virginia Beach
MY-18295,Muhammed Yedwab,Corporate,Grapevine
RD-19480,Rick Duston,Consumer,Olympia
DP-13390,Dennis Pardue,Home Office,Peoria
ML-17395,Marina Lichtenstein,Corporate,Los Angeles
JC-15385,Jenna Caffey,Consumer,Kent
JG-15160,James Galang,Consumer,Los Angeles
MC-17275,Marc Crier,Consumer,Lafayette
NW-18400,Natalie Webber,Consumer,Tigard
TB-21280,Toby Braunhardt,Consumer,Washington
BS-11380,Bill Stewart,Corporate,Skokie
HH-15010,Hilary Holden,Corporate,San Francisco
CD-12280,Christina DeMoss,Consumer,Seattle
TH-21100,Thea Hendricks,Consumer,Los Angeles
MM-18055,Michelle Moray,Consumer,Seattle
NS-18505,Neola Schneider,Consumer,Dallas
RB-19645,Robert Barroso,Corporate,North Las Vegas
SW-20455,Shaun Weien,Consumer,Suffolk
EB-13930,Eric Barreto,Consumer,San Francisco
PS-18760,Pamela Stobb,Consumer,Los Angeles
HF-14995,Herbert Flentye,Consumer,Indianapolis
HZ-14950,Henia Zydlo,Consumer,Columbus
CD-12790,Cynthia Delaney,Home Office,San Diego
JK-15205,Jamie Kunitz,Consumer,San Francisco
FM-14215,Filia McAdams,Corporate,Dublin
ED-13885,Emily Ducich,Home Office,San Diego
DA-13450,Dianna Arnett,Home Office,Houston
JW-15955,Joni Wasserman,Consumer,Oakland
RM-19375,Raymond Messe,Consumer,Houston
ML-17755,Max Ludwig,Home Office,Suffolk
CC-12685,Craig Carroll,Consumer,Greensboro
JE-15610,Jim Epp,Corporate,Milwaukee
RP-19855,Roy Phan,Corporate,Kenosha
TB-21175,Thomas Boland,Corporate,Houston
BE-11455,Brad Eason,Home Office,Olathe
JF-15565,Jill Fjeld,Consumer,Dallas
PB-19210,Phillip Breyer,Corporate,Tulsa
BT-11680,Brian Thompson,Consumer,Newark
JL-15235,Janet Lee,Consumer,Chicago
CH-12070,Cathy Hwang,Home Office,Raleigh
ND-18460,Neil Ducich,Corporate,Macon
BF-10975,Barbara Fisher,Corporate,Charlotte
KH-16330,Katharine Harms,Corporate,Bowling Green
GW-14605,Giulietta Weimer,Consumer,Seattle
NC-18625,Noah Childs,Corporate,Aurora
ME-18010,Michelle Ellison,Corporate,San Francisco
BP-11230,Benjamin Patterson,Consumer,Spokane
JC-15775,John Castell,Consumer,San Antonio
AS-10090,Adam Shillingsburg,Consumer,Charlottesville
AC-10450,Amy Cox,Consumer,Minneapolis
MD-17860,Michael Dominguez,Corporate,Indianapolis
DB-13660,Duane Benoit,Consumer,Oceanside
EH-13990,Erica Hackney,Consumer,Roswell
EH-13765,Edward Hooks,Corporate,Watertown
SC-20230,Scot Coram,Corporate,Arlington
JE-15715,Joe Elijah,Consumer,Broomfield
AC-10615,Ann Chong,Corporate,New York City
JD-16015,Joy Daniels,Consumer,Chicago
CB-12415,Christy Brittain,Consumer,Columbus
JS-16030,Joy Smith,Consumer,Houston
LW-17215,Luke Weiss,Consumer,Pasadena
SC-20800,Stuart Calhoun,Consumer,Houston
AM-10705,Anne McFarland,Consumer,Auburn
RH-19510,Rick Huthwaite,Home Office,Providence
CT-11995,Carol Triggs,Consumer,Rochester
MC-17590,Matt Collister,Corporate,Perth Amboy
CC-12610,Corey Catlett,Corporate,Philadelphia
KA-16525,Kelly Andreada,Consumer,Ontario
TC-20980,Tamara Chand,Corporate,Seattle
BF-11080,Bart Folk,Consumer,Baltimore
MM-17260,Magdelene Morse,Consumer,Wilmington
AH-10120,Adrian Hane,Home Office,Tucson
BW-11200,Ben Wallace,Consumer,Boynton Beach
SW-20245,Scot Wooten,Consumer,Stockton
BS-11665,Brian Stugart,Consumer,Philadelphia
RF-19345,Randy Ferguson,Corporate,Dover
WB-21850,William Brown,Consumer,Philadelphia
TB-21625,Trudy Brown,Consumer,Grand Prairie
AF-10870,Art Ferguson,Consumer,College Station
RB-19435,Richard Bierner,Consumer,Saint Louis
KF-16285,Karen Ferguson,Home Office,Manteca
JH-15820,John Huston,Consumer,Kent
IL-15100,Ivan Liston,Consumer,San Francisco
PB-18805,Patrick Bzostek,Home Office,Salt Lake City
RH-19600,Rob Haberlin,Consumer,Huntsville
AW-10930,Arthur Wiediger,Home Office,Aurora
ML-17410,Maris LaWare,Consumer,Fairfield
DB-13555,Dorothy Badders,Corporate,Jacksonville
MH-17620,Matt Hagelstein,Corporate,San Francisco
DK-13375,Dennis Kane,Consumer,Marion
BT-11440,Bobby Trafton,Consumer,Littleton
DB-13405,Denny Blanton,Consumer,La Porte
TG-21310,Toby Gnade,Consumer,Los Angeles
BF-11005,Barry Franz,Home Office,Pasadena
JM-16195,Justin MacKendrick,Consumer,Los Angeles
MZ-17335,Maria Zettner,Home Office,San Diego
MW-18220,Mitch Webber,Consumer,New York City
MV-17485,Mark Van Huff,Consumer,Arlington
SM-20320,Sean Miller,Home Office,Monroe
TP-21415,Tom Prescott,Consumer,Seattle
JK-15625,Jim Karlsson,Consumer,Seattle
PJ-18835,Patrick Jones,Corporate,Murfreesboro
RS-19420,Ricardo Sperren,Corporate,Seattle
SV-20935,Susan Vittorini,Consumer,New York City
BC-11125,Becky Castell,Home Office,Peoria
EM-13825,Elizabeth Moffitt,Corporate,Sioux Falls
BM-11575,Brendan Murry,Corporate,New York City
KN-16705,Kristina Nunn,Home Office,Fort Collins
KW-16570,Kelly Williams,Consumer,Clarksville
SC-20260,Scott Cohen,Corporate,San Francisco
CV-12295,Christina VanderZanden,Consumer,Fresno
SG-20605,Speros Goranitis,Consumer,New York City
TM-21010,Tamara Manning,Consumer,San Francisco
EM-13810,Eleni McCrary,Corporate,Los Angeles
ML-18040,Michelle Lonsdale,Corporate,Albuquerque
CR-12580,Clay Rozendal,Home Office,Elmhurst
AZ-10750,Annie Zypern,Consumer,New York City
PW-19240,Pierre Wener,Consumer,Louisville
SC-20380,Shahid Collister,Consumer,Seattle
CM-11935,Carlos Meador,Consumer,Fayetteville
GM-14695,Greg Maxwell,Corporate,Los Angeles
TB-21250,Tim Brockman,Consumer,New York City
JM-15865,John Murray,Consumer,Jamestown
SC-20575,Sonia Cooley,Consumer,Mishawaka
LS-17200,Luke Schmidt,Corporate,Skokie
RR-19315,Ralph Ritter,Consumer,San Francisco
DB-12910,Daniel Byrd,Home Office,Tampa
TT-21220,Thomas Thornton,Consumer,Houston
LO-17170,Lori Olson,Corporate,La Quinta
KD-16615,Ken Dana,Corporate,Scottsdale
NB-18580,Nicole Brennan,Corporate,Philadelphia
BD-11635,Brian Derr,Consumer,Bowling Green
CM-12235,Chris McAfee,Consumer,Carrollton
EN-13780,Edward Nazzal,Consumer,New York City
KN-16450,Kean Nguyen,Corporate,Jacksonville
BO-11350,Bill Overfelt,Corporate,Los Angeles
AG-10300,Aleksandra Gannaway,Corporate,Los Angeles
MC-17635,Matthew Clasen,Corporate,Saint Louis
TA-21385,Tom Ashbrook,Home Office,New York City
JF-15295,Jason Fortune-,Consumer,Seattle
TT-21265,Tim Taslimi,Corporate,Los Angeles
SB-20170,Sarah Bern,Consumer,New York City
CL-12700,Craig Leslie,Home Office,Springfield
HG-15025,Hunter Glantz,Consumer,Amarillo
NL-18310,Nancy Lomonaco,Home Office,Los Angeles
RR-19525,Rick Reed,Corporate,Lowell
TC-21295,Toby Carlisle,Consumer,San Diego
SV-20785,Stewart Visinsky,Consumer,Pueblo
BE-11410,Bobby Elias,Consumer,Lancaster
SC-20680,Steve Carroll,Home Office,Columbus
DF-13135,David Flashing,Consumer,Vallejo
FH-14350,Fred Harton,Consumer,Seattle
MS-17530,MaryBeth Skach,Consumer,San Diego
RH-19555,Ritsa Hightower,Consumer,Tallahassee
GA-14515,George Ashbrook,Consumer,San Francisco
JP-16135,Julie Prescott,Home Office,Columbus
Dp-13240,Dean percer,Home Office,Murray
MO-17950,Michael Oakman,Consumer,Dallas
DL-13330,Denise Leinenbach,Consumer,Las Cruces
MH-18025,Michelle Huthwaite,Consumer,Seattle
DR-12940,Daniel Raglin,Home Office,Franklin
DM-13015,Darrin Martin,Consumer,Encinitas
CA-11965,Carol Adams,Corporate,Hoover
AC-10660,Anna Chung,Consumer,Huntsville
DM-13345,Denise Monton,Corporate,Roswell
VF-21715,Vicky Freymann,Home Office,Columbus
CC-12370,Christopher Conant,Consumer,Fayetteville
BF-11275,Beth Fritzler,Corporate,Tucson
HG-14845,Harry Greene,Consumer,Lake Charles
BP-11155,Becky Pak,Consumer,Columbus
EM-14140,Eugene Moren,Home Office,Glendale
MA-17995,Michelle Arnett,Home Office,Watertown
AY-10555,Andy Yotov,Corporate,Oceanside
GB-14575,Giulietta Baptist,Consumer,Philadelphia
JB-16045,Julia Barnett,Home Office,Columbus
MG-17875,Michael Grace,Home Office,New York City
SR-20425,Sharelle Roach,Home Office,Louisville
JB-16000,Joy Bell-,Consumer,Brownsville
DM-12955,Dario Medina,Corporate,Lincoln Park
TC-21475,Tony Chapman,Home Office,Columbus
SW-20350,Sean Wendt,Home Office,Detroit
RE-19450,Richard Eichhorn,Consumer,Dallas
BF-11215,Benjamin Farhat,Home Office,Albuquerque
KB-16405,Katrina Bavinger,Home Office,Apple Valley
JG-15310,Jason Gross,Corporate,Providence
EC-14050,Erin Creighton,Consumer,New York City
EB-14110,Eugene Barchas,Consumer,Philadelphia
JP-15460,Jennifer Patt,Corporate,Oceanside
CS-11845,Cari Sayre,Corporate,Seattle
GH-14410,Gary Hansen,Home Office,Glendale
PT-19090,Pete Takahito,Consumer,Houston
JL-15130,Jack Lebron,Consumer,Houston
AH-10030,Aaron Hawkins,Corporate,Philadelphia
CC-12475,Cindy Chapman,Consumer,New York City
DW-13195,David Wiener,Corporate,Houston
SJ-20215,Sarah Jordon,Consumer,Grand Prairie
BG-11740,Bruce Geld,Consumer,Philadelphia
LB-16795,Laurel Beltran,Home Office,Highland Park
CM-11815,Candace McMahon,Corporate,Pasadena
EH-14185,Evan Henry,Consumer,Decatur
TS-21505,Tony Sayre,Consumer,Columbia
PR-18880,Patrick Ryan,Consumer,Oakland
LC-17050,Liz Carlisle,Consumer,Mission Viejo
CS-12490,Cindy Schnelling,Corporate,Conroe
DH-13075,Dave Hallsten,Corporate,Richmond
JO-15145,Jack O'Briant,Corporate,Philadelphia
AH-10690,Anna Haberlin,Corporate,New York City
HJ-14875,Heather Jas,Home Office,Jacksonville
MH-17455,Mark Hamilton,Consumer,Jacksonville
RD-19930,Russell D'Ascenzo,Consumer,Austin
SC-20020,Sam Craven,Consumer,Plano
SU-20665,Stephanie Ulpright,Home Office,Jackson
FC-14335,Fred Chung,Corporate,Mesquite
RB-19330,Randy Bradley,Consumer,Philadelphia
NC-18535,Nick Crebassa,Corporate,Dallas
DB-12970,Darren Budd,Corporate,Los Angeles
MF-17665,Maureen Fritzler,Corporate,Toledo
RM-19750,Roland Murray,Consumer,New York City
VM-21835,Vivian Mathis,Consumer,Newark
EJ-13720,Ed Jacobs,Consumer,San Diego
NC-18415,Nathan Cano,Consumer,Jacksonville
LS-17230,Lycoris Saunders,Consumer,Dover
KE-16420,Katrina Edelman,Corporate,Bristol
DH-13675,Duane Huffman,Home Office,Quincy
PF-19120,Peter Fuller,Consumer,Gilbert
VT-21700,Valerie Takahito,Home Office,Philadelphia
MG-17695,Maureen Gnade,Consumer,Buffalo
SP-20920,Susan Pistek,Consumer,Los Angeles
CS-12175,Charles Sheldon,Corporate,Columbia
DK-12895,Dana Kaydos,Consumer,Kenosha
KM-16660,Khloe Miller,Consumer,Roswell
AA-10645,Anna Andreadi,Consumer,Chester
DD-13570,Dorothy Dickinson,Consumer,Houston
AH-10465,Amy Hunt,Consumer,New York City
TP-21565,Tracy Poddar,Corporate,Aurora
EK-13795,Eileen Kiefer,Home Office,Santa Ana
CR-12820,Cyra Reiten,Home Office,New York City
SG-20890,Susan Gilcrest,Corporate,Mcallen
AH-10585,Angele Hood,Consumer,Chicago
NF-18475,Neil Franzosisch,Home Office,Rockford
BS-11365,Bill Shonely,Corporate,New York City
SH-20635,Stefanie Holloman,Corporate,Jackson
RD-19720,Roger Demir,Consumer,Daytona Beach
AG-10330,Alex Grayson,Consumer,Stockton
GR-14560,Georgia Rosenberg,Corporate,San Francisco
VS-21820,Vivek Sundaresam,Consumer,Los Angeles
TM-21490,Tony Molinari,Consumer,Oklahoma City
TS-21430,Tom Stivers,Corporate,Los Angeles
DB-13360,Dennis Bolton,Home Office,New York City
NR-18550,Nick Radford,Consumer,Aurora
CS-11860,Cari Schnelling,Consumer,Jacksonville
MF-18250,Monica Federle,Corporate,Los Angeles
LW-17125,Liz Willingham,Consumer,Norwich
AR-10345,Alex Russell,Corporate,Lawrence
KS-16300,Karen Seio,Corporate,Lehi
AB-10015,Aaron Bergman,Consumer,Seattle
LR-17035,Lisa Ryan,Corporate,Philadelphia
SS-20410,Shahid Shariari,Consumer,Los Angeles
JM-15580,Jill Matthias,Consumer,Monroe
JK-15325,Jason Klamczynski,Corporate,Dallas
DM-13525,Don Miller,Corporate,Houston
ML-18265,Muhammed Lee,Consumer,Seattle
MH-17290,Marc Harrigan,Home Office,Los Angeles
FC-14245,Frank Carlisle,Home Office,Lakewood
TH-21115,Thea Hudgings,Corporate,Philadelphia
JK-16090,Juliana Krohn,Consumer,Omaha
SB-20185,Sarah Brown,Consumer,Concord
BG-11035,Barry Gonzalez,Consumer,Monroe
BW-11065,Barry Weirich,Consumer,Raleigh
MG-18205,Mitch Gastineau,Corporate,Jacksonville
DO-13645,Doug O'Connell,Consumer,Los Angeles
BP-11050,Barry Pond,Corporate,Cranston
TS-21655,Trudy Schmidt,Consumer,Milwaukee
EM-14200,Evan Minnotte,Home Office,Virginia Beach
AO-10810,Anthony O'Donnell,Corporate,Los Angeles
MH-17440,Mark Haberlin,Corporate,New York City
SS-20515,Shirley Schmidt,Home Office,Louisville
LD-16855,Lela Donovan,Corporate,Chicago
VP-21760,Victoria Pisteka,Corporate,San Francisco
TC-21145,Theresa Coyne,Corporate,Lakewood
IM-15055,Ionia McGrath,Consumer,Roseville
AR-10570,Anemone Ratner,Consumer,Columbus
CM-12715,Craig Molinari,Corporate,Huntsville
FW-14395,Fred Wasserman,Corporate,Huntsville
LC-16960,Lindsay Castell,Home Office,Arlington
HE-14800,Harold Engle,Corporate,Chicago
BD-11560,Brendan Dodson,Home Office,Fresno
HD-14785,Harold Dahlen,Home Office,Philadelphia
CJ-11875,Carl Jackson,Corporate,Philadelphia
RS-19870,Roy Skaria,Home Office,Burlington
SC-20845,Sung Chung,Consumer,Arlington Heights
RE-19405,Ricardo Emerson,Consumer,Kent
SM-20905,Susan MacKendrick,Consumer,Newark
